celda,ancla,n_semillas,bin,seed
disease_a_gene,C0175702,8,bajo,42
disease_a_gene,C0007760,7,bajo,42
disease_a_gene,C0239998,5,bajo,42
disease_a_gene,C0002453,5,bajo,42
disease_a_gene,C0020550,8,bajo,42
disease_a_gene,C0086696,6,bajo,42
disease_a_gene,C0854723,6,bajo,42
disease_a_gene,C0432235,5,bajo,42
disease_a_gene,C0751254,7,bajo,42
disease_a_gene,C2733158,5,bajo,42
disease_a_gene,C1857332,5,bajo,42
disease_a_gene,C0034362,5,bajo,42
disease_a_gene,C0740394,5,bajo,42
disease_a_gene,C0752308,5,bajo,42
disease_a_gene,C0002876,5,bajo,42
disease_a_gene,C1956097,7,bajo,42
disease_a_gene,C0041408,5,bajo,42
disease_a_gene,C4552072,7,bajo,42
disease_a_gene,C0751636,5,bajo,42
disease_a_gene,C0338480,6,bajo,42
disease_a_gene,C0079298,5,bajo,42
disease_a_gene,C0025517,8,bajo,42
disease_a_gene,C0032796,5,bajo,42
disease_a_gene,C0001125,5,bajo,42
disease_a_gene,C0014474,7,bajo,42
disease_a_gene,C0018681,5,bajo,42
disease_a_gene,C0234372,7,bajo,42
disease_a_gene,C0030286,6,bajo,42
disease_a_gene,C1833104,7,bajo,42
disease_a_gene,C0024138,5,bajo,42
disease_a_gene,C0524909,7,bajo,42
disease_a_gene,C0032231,6,bajo,42
disease_a_gene,C0086501,5,bajo,42
disease_a_gene,C0752206,6,bajo,42
disease_a_gene,C0022594,5,bajo,42
disease_a_gene,C0017601,7,bajo,42
disease_a_gene,C3854603,6,bajo,42
disease_a_gene,C0032463,8,bajo,42
disease_a_gene,C4551484,6,bajo,42
disease_a_gene,C0751635,5,bajo,42
disease_a_gene,C0337443,7,bajo,42
disease_a_gene,C0017181,8,bajo,42
disease_a_gene,C4708599,5,bajo,42
disease_a_gene,C0851140,6,bajo,42
disease_a_gene,C0751357,5,bajo,42
disease_a_gene,C1276035,7,bajo,42
disease_a_gene,C0231686,5,bajo,42
disease_a_gene,C0002896,8,bajo,42
disease_a_gene,C1852767,5,bajo,42
disease_a_gene,C0085700,6,bajo,42
disease_a_gene,C0238301,9,medio,42
disease_a_gene,C1266194,11,medio,42
disease_a_gene,C0153452,10,medio,42
disease_a_gene,C0750940,14,medio,42
disease_a_gene,C1270972,8,medio,42
disease_a_gene,C0023485,10,medio,42
disease_a_gene,C1846707,9,medio,42
disease_a_gene,C1834558,13,medio,42
disease_a_gene,C0020305,17,medio,42
disease_a_gene,C0026827,14,medio,42
disease_a_gene,C0265541,10,medio,42
disease_a_gene,C1563730,8,medio,42
disease_a_gene,C2930975,8,medio,42
disease_a_gene,C0019196,14,medio,42
disease_a_gene,C3887461,10,medio,42
disease_a_gene,C0265965,15,medio,42
disease_a_gene,C0340543,16,medio,42
disease_a_gene,C0423711,13,medio,42
disease_a_gene,C1565951,12,medio,42
disease_a_gene,C0751036,8,medio,42
disease_a_gene,C0038358,16,medio,42
disease_a_gene,C0266508,11,medio,42
disease_a_gene,C0030569,12,medio,42
disease_a_gene,C0750937,14,medio,42
disease_a_gene,C0085207,9,medio,42
disease_a_gene,C0178824,13,medio,42
disease_a_gene,C0005910,13,medio,42
disease_a_gene,C0029124,10,medio,42
disease_a_gene,C0457190,12,medio,42
disease_a_gene,C0205875,11,medio,42
disease_a_gene,C0018984,9,medio,42
disease_a_gene,C0023281,9,medio,42
disease_a_gene,C0428977,19,medio,42
disease_a_gene,C0085129,10,medio,42
disease_a_gene,C3502809,8,medio,42
disease_a_gene,C0472383,8,medio,42
disease_a_gene,C0855095,8,medio,42
disease_a_gene,C0042900,16,medio,42
disease_a_gene,C0279607,8,medio,42
disease_a_gene,C0012236,14,medio,42
disease_a_gene,C2931150,15,medio,42
disease_a_gene,C0369183,12,medio,42
disease_a_gene,C0007787,10,medio,42
disease_a_gene,C0018784,19,medio,42
disease_a_gene,C0454655,10,medio,42
disease_a_gene,C2350873,9,medio,42
disease_a_gene,C0004936,11,medio,42
disease_a_gene,C0235974,18,medio,42
disease_a_gene,C0268731,19,medio,42
disease_a_gene,C0042109,14,medio,42
disease_a_gene,C1257931,449,alto,42
disease_a_gene,C0025958,60,alto,42
disease_a_gene,C0001973,213,alto,42
disease_a_gene,C0024306,21,alto,42
disease_a_gene,C4721806,25,alto,42
disease_a_gene,C0334580,25,alto,42
disease_a_gene,C0751217,29,alto,42
disease_a_gene,C0023493,31,alto,42
disease_a_gene,C0524611,22,alto,42
disease_a_gene,C0234238,41,alto,42
disease_a_gene,C0266487,20,alto,42
disease_a_gene,C3887506,29,alto,42
disease_a_gene,C0993582,36,alto,42
disease_a_gene,C0235032,25,alto,42
disease_a_gene,C0345905,23,alto,42
disease_a_gene,C0751496,96,alto,42
disease_a_gene,C0205648,30,alto,42
disease_a_gene,C0600520,21,alto,42
disease_a_gene,C0086189,51,alto,42
disease_a_gene,C0205734,38,alto,42
disease_a_gene,C0476089,67,alto,42
disease_a_gene,C0014518,29,alto,42
disease_a_gene,C0019693,100,alto,42
disease_a_gene,C0017658,29,alto,42
disease_a_gene,C0860207,256,alto,42
disease_a_gene,C0349204,60,alto,42
disease_a_gene,C0022660,78,alto,42
disease_a_gene,C1850597,33,alto,42
disease_a_gene,C0038433,100,alto,42
disease_a_gene,C3714758,110,alto,42
disease_a_gene,C0011574,20,alto,42
disease_a_gene,C4521256,19,alto,42
disease_a_gene,C1266042,113,alto,42
disease_a_gene,C0376634,137,alto,42
disease_a_gene,C1510472,81,alto,42
disease_a_gene,C0233794,39,alto,42
disease_a_gene,C0025261,38,alto,42
disease_a_gene,C0205646,30,alto,42
disease_a_gene,C0205644,109,alto,42
disease_a_gene,C0035334,78,alto,42
disease_a_gene,C0036690,24,alto,42
disease_a_gene,C1527352,22,alto,42
disease_a_gene,C0011609,20,alto,42
disease_a_gene,C0546126,84,alto,42
disease_a_gene,C0011881,42,alto,42
disease_a_gene,C0013182,29,alto,42
disease_a_gene,C0036095,43,alto,42
disease_a_gene,C0030567,75,alto,42
disease_a_gene,C0001956,34,alto,42
disease_a_gene,C0004134,22,alto,42
gene_a_disease,1457,5,bajo,42
gene_a_disease,80776,5,bajo,42
gene_a_disease,4192,6,bajo,42
gene_a_disease,267,5,bajo,42
gene_a_disease,284058,5,bajo,42
gene_a_disease,57045,6,bajo,42
gene_a_disease,5518,6,bajo,42
gene_a_disease,55198,5,bajo,42
gene_a_disease,109,5,bajo,42
gene_a_disease,8639,5,bajo,42
gene_a_disease,83746,6,bajo,42
gene_a_disease,51062,6,bajo,42
gene_a_disease,7178,5,bajo,42
gene_a_disease,5892,5,bajo,42
gene_a_disease,5610,5,bajo,42
gene_a_disease,22995,6,bajo,42
gene_a_disease,9563,5,bajo,42
gene_a_disease,23635,5,bajo,42
gene_a_disease,23385,5,bajo,42
gene_a_disease,8754,5,bajo,42
gene_a_disease,8829,6,bajo,42
gene_a_disease,84735,6,bajo,42
gene_a_disease,1161,6,bajo,42
gene_a_disease,7227,6,bajo,42
gene_a_disease,3716,6,bajo,42
gene_a_disease,3398,6,bajo,42
gene_a_disease,54585,5,bajo,42
gene_a_disease,60528,5,bajo,42
gene_a_disease,6443,6,bajo,42
gene_a_disease,144132,5,bajo,42
gene_a_disease,10987,6,bajo,42
gene_a_disease,8884,6,bajo,42
gene_a_disease,26060,5,bajo,42
gene_a_disease,22943,6,bajo,42
gene_a_disease,406906,6,bajo,42
gene_a_disease,11236,6,bajo,42
gene_a_disease,259232,5,bajo,42
gene_a_disease,2947,5,bajo,42
gene_a_disease,4026,6,bajo,42
gene_a_disease,9123,6,bajo,42
gene_a_disease,50,5,bajo,42
gene_a_disease,123264,5,bajo,42
gene_a_disease,2299,6,bajo,42
gene_a_disease,1952,5,bajo,42
gene_a_disease,2588,5,bajo,42
gene_a_disease,5949,6,bajo,42
gene_a_disease,54919,5,bajo,42
gene_a_disease,10878,6,bajo,42
gene_a_disease,25824,5,bajo,42
gene_a_disease,10801,6,bajo,42
gene_a_disease,51204,9,medio,42
gene_a_disease,8803,9,medio,42
gene_a_disease,81,7,medio,42
gene_a_disease,1576,10,medio,42
gene_a_disease,79366,7,medio,42
gene_a_disease,55904,7,medio,42
gene_a_disease,563,10,medio,42
gene_a_disease,7204,9,medio,42
gene_a_disease,5311,10,medio,42
gene_a_disease,6256,10,medio,42
gene_a_disease,4149,9,medio,42
gene_a_disease,9415,8,medio,42
gene_a_disease,2931,9,medio,42
gene_a_disease,8671,8,medio,42
gene_a_disease,2775,8,medio,42
gene_a_disease,11155,8,medio,42
gene_a_disease,2177,10,medio,42
gene_a_disease,3872,8,medio,42
gene_a_disease,3977,9,medio,42
gene_a_disease,6462,9,medio,42
gene_a_disease,343641,9,medio,42
gene_a_disease,10125,9,medio,42
gene_a_disease,6515,8,medio,42
gene_a_disease,5193,7,medio,42
gene_a_disease,3551,7,medio,42
gene_a_disease,4867,8,medio,42
gene_a_disease,51176,8,medio,42
gene_a_disease,116135,8,medio,42
gene_a_disease,8405,8,medio,42
gene_a_disease,9314,8,medio,42
gene_a_disease,5588,7,medio,42
gene_a_disease,112476,10,medio,42
gene_a_disease,6341,7,medio,42
gene_a_disease,374569,7,medio,42
gene_a_disease,4704,7,medio,42
gene_a_disease,5125,9,medio,42
gene_a_disease,3490,9,medio,42
gene_a_disease,366,8,medio,42
gene_a_disease,3694,9,medio,42
gene_a_disease,5897,7,medio,42
gene_a_disease,406989,7,medio,42
gene_a_disease,10855,10,medio,42
gene_a_disease,4330,8,medio,42
gene_a_disease,28234,7,medio,42
gene_a_disease,405,8,medio,42
gene_a_disease,10000,8,medio,42
gene_a_disease,118856,11,medio,42
gene_a_disease,57167,8,medio,42
gene_a_disease,2673,7,medio,42
gene_a_disease,4810,7,medio,42
gene_a_disease,4323,14,alto,42
gene_a_disease,673,92,alto,42
gene_a_disease,6506,17,alto,42
gene_a_disease,2796,14,alto,42
gene_a_disease,7170,28,alto,42
gene_a_disease,8991,20,alto,42
gene_a_disease,6869,11,alto,42
gene_a_disease,283120,12,alto,42
gene_a_disease,5621,29,alto,42
gene_a_disease,3972,16,alto,42
gene_a_disease,6521,18,alto,42
gene_a_disease,4607,13,alto,42
gene_a_disease,5428,23,alto,42
gene_a_disease,6927,19,alto,42
gene_a_disease,23493,21,alto,42
gene_a_disease,55764,17,alto,42
gene_a_disease,5318,13,alto,42
gene_a_disease,8200,18,alto,42
gene_a_disease,1387,22,alto,42
gene_a_disease,3855,12,alto,42
gene_a_disease,1401,46,alto,42
gene_a_disease,4437,15,alto,42
gene_a_disease,7546,13,alto,42
gene_a_disease,6329,19,alto,42
gene_a_disease,64324,11,alto,42
gene_a_disease,1514,19,alto,42
gene_a_disease,59341,34,alto,42
gene_a_disease,4487,18,alto,42
gene_a_disease,3162,67,alto,42
gene_a_disease,1910,17,alto,42
gene_a_disease,551,29,alto,42
gene_a_disease,8856,17,alto,42
gene_a_disease,3240,38,alto,42
gene_a_disease,5295,22,alto,42
gene_a_disease,1294,19,alto,42
gene_a_disease,3690,16,alto,42
gene_a_disease,5179,15,alto,42
gene_a_disease,2166,13,alto,42
gene_a_disease,834,11,alto,42
gene_a_disease,6775,14,alto,42
gene_a_disease,6338,15,alto,42
gene_a_disease,4129,23,alto,42
gene_a_disease,3077,18,alto,42
gene_a_disease,3714,11,alto,42
gene_a_disease,8600,11,alto,42
gene_a_disease,2354,17,alto,42
gene_a_disease,1756,22,alto,42
gene_a_disease,554,11,alto,42
gene_a_disease,5241,29,alto,42
gene_a_disease,6790,17,alto,42
